{"IP_oct0": {"mean": 136.20311251326117, "std": 60.316205232978525}, "IP_oct1": {"mean": 134.65927382115905, "std": 62.65159037924598}, "IP_oct2": {"mean": 104.81607175840199, "std": 56.44602979149877}, "IP_oct3": {"mean": 125.91232354396215, "std": 74.4821786633227}, "bytes": {"mean": 8.227982337631396, "std": 1.633459434711535}}