{"IP_oct0": {"mean": 142.52946703751033, "std": 59.6062509803542}, "IP_oct1": {"mean": 141.31881530481846, "std": 65.14565910070046}, "IP_oct2": {"mean": 105.19364804931219, "std": 55.36273443948073}, "IP_oct3": {"mean": 132.65444636548148, "std": 72.43129188014923}, "bytes": {"mean": 8.290240366604543, "std": 1.621148877833928}}